Wall time,Step,Value
1734133317.0432255,49,0.04747588559985161
1734141043.1998487,99,0.05849263072013855
1734147399.3246043,149,0.05681871250271797
1734154948.1179135,199,0.04497087746858597
1734161361.6225693,249,0.0565490648150444
1734168822.2135751,299,0.060410093516111374
1734176246.6406133,349,0.06930722296237946
1734182746.338792,399,0.0542333759367466
